Name,RMSE,None Zero Rate
fashion_item,0.6026884224494191,0.8461538461538461
