Name,RMSE,None Zero Rate
beauty_item,3.9477116681736324,0.4017627728970449
