Name,RMSE,None Zero Rate
beauty_item,3.9947978568182654,0.3195841411273024
