Name,RMSE,None Zero Rate
fashion_item_NECO,0.5447385402363404,0.972972972972973
