Name,RMSE,None Zero Rate
fashion_user_NECO,1.1182488235092285,0.9708939708939709
