Name,RMSE,None Zero Rate
fashion_user,1.1226113093155135,0.972972972972973
